{
  "Edges": [
    {
      "src": 0,
      "w": 1.3118716362419698,
      "dest": 1
    }
  ],
  "Nodes": [
    {
      "pos": "35.19589389346247,32.10152879327731,0.0",
      "id": 0
    },
    {
      "pos": "35.20319591121872,32.10318254621849,0.0",
      "id": 1
    }
  ]
}